,Last Name,First Name,Height,Weight,BMI
0,Davis,RJ,72,180,24.407960128593473
1,Trimble,Seth,75,195,24.368907392387726
2,Lebo,Creighton,73,180,23.7438291061416
